[{"Name":"Troll Pelt","Price":0.8,"Email":"Not Logged In","DiscordName":"the404studios","CharacterName":"attributenull","TimeOfPosting":"0001-01-01T00:00:00","Quantity":5},{"Name":"Troll Pelt","Price":0.8,"Email":"Not Logged In","DiscordName":"the404studios","CharacterName":"attributenull","TimeOfPosting":"0001-01-01T00:00:00","Quantity":5},{"Name":"Troll Pelt","Price":0.8,"Email":"Not Logged In","DiscordName":"the404studios","CharacterName":"attributenull","TimeOfPosting":"0001-01-01T00:00:00","Quantity":5},{"Name":"Troll Pelt","Price":0.8,"Email":"Not Logged In","DiscordName":"the404studios","CharacterName":"attributenull","TimeOfPosting":"0001-01-01T00:00:00","Quantity":5},{"Name":"Troll Pelt","Price":0.8,"Email":"Not Logged In","DiscordName":"the404studios","CharacterName":"attributenull","TimeOfPosting":"0001-01-01T00:00:00","Quantity":5},{"Name":"Gold Coin Bag","Price":0.9,"Email":"Not Logged In","DiscordName":"the404studios","CharacterName":"attributenull","TimeOfPosting":"0001-01-01T00:00:00","Quantity":8}]